<?xml version="1.0" encoding="UTF-8"?>
<project-private xmlns="http://www.netbeans.org/ns/project-private/1">
    <editor-bookmarks xmlns="http://www.netbeans.org/ns/editor-bookmarks/2" lastBookmarkId="0"/>
    <open-files xmlns="http://www.netbeans.org/ns/projectui-open-files/2">
        <group>
            <file>file:/C:/Users/Usuario/Documents/Taller%209-10/ejercicios-sobre-jerarqu-a-de-herencia-meruiz22/Solucion_Codigo/Problema%202/Probelama%202/src/problema2/VHS.java</file>
            <file>file:/C:/Users/Usuario/Documents/Taller%209-10/ejercicios-sobre-jerarqu-a-de-herencia-meruiz22/Solucion_Codigo/Problema%202/Probelama%202/src/problema2/Peliculas.java</file>
            <file>file:/C:/Users/Usuario/Documents/Taller%209-10/ejercicios-sobre-jerarqu-a-de-herencia-meruiz22/Solucion_Codigo/Problema%202/Probelama%202/src/problema2/Soporte.java</file>
            <file>file:/C:/Users/Usuario/Documents/Taller%209-10/ejercicios-sobre-jerarqu-a-de-herencia-meruiz22/Solucion_Codigo/Problema%202/Probelama%202/src/problema2/ejecutarAlqulerPelicula.java</file>
            <file>file:/C:/Users/Usuario/Documents/Taller%209-10/ejercicios-sobre-jerarqu-a-de-herencia-meruiz22/Solucion_Codigo/Problema%202/Probelama%202/src/problema2/DVD.java</file>
        </group>
    </open-files>
</project-private>
