<?xml version="1.0" encoding="UTF-8"?>
<project-private xmlns="http://www.netbeans.org/ns/project-private/1">
    <editor-bookmarks xmlns="http://www.netbeans.org/ns/editor-bookmarks/2" lastBookmarkId="0"/>
    <open-files xmlns="http://www.netbeans.org/ns/projectui-open-files/2">
        <group>
            <file>file:/C:/Users/Usuario/Documents/Taller%209-10/ejercicios-sobre-jerarqu-a-de-herencia-meruiz22/Solucion_Codigo/Problema%203/Problema3/src/problema3/EjecutarMensaje.java</file>
            <file>file:/C:/Users/Usuario/Documents/Taller%209-10/ejercicios-sobre-jerarqu-a-de-herencia-meruiz22/Solucion_Codigo/Problema%203/Problema3/src/problema3/MMS.java</file>
            <file>file:/C:/Users/Usuario/Documents/Taller%209-10/ejercicios-sobre-jerarqu-a-de-herencia-meruiz22/Solucion_Codigo/Problema%203/Problema3/src/problema3/MensajeMovil.java</file>
            <file>file:/C:/Users/Usuario/Documents/Taller%209-10/ejercicios-sobre-jerarqu-a-de-herencia-meruiz22/Solucion_Codigo/Problema%203/Problema3/src/problema3/SMS.java</file>
        </group>
    </open-files>
</project-private>
